{
  "EOL-60%-1号机-右_stage1_ch3": {
    "n_samples": 9,
    "duration": {
      "min": 14.56,
      "max": 16.64,
      "mean": 16.071111111111108,
      "median": 16.16,
      "std": 0.5758943661711358,
      "p_low": 15.104000000000001,
      "p_high": 16.576
    },
    "rms": {
      "mean": 0.015989124748919496,
      "median": 0.016544213805365873,
      "std": 0.0011612084072540967,
      "p_low": 0.014426748133901405,
      "p_high": 0.01733710984311961
    },
    "pre_silence": {
      "mean": 5.039052658100277e-05,
      "p95": 0.0001904761904761904
    },
    "post_silence": {
      "mean": 4.5351473922902495e-05,
      "p95": 0.00012698412698412698
    },
    "late_start": {
      "mean": 1.265074389415905,
      "median": 1.3330955633577175,
      "min": 0.9539555736575889,
      "p5": 0.982109330397357
    },
    "interference": {
      "mean": 0.10736655490627653,
      "p95": 0.11985243503030799
    }
  },
  "EOL-60%-1号机-左_stage1_ch4": {
    "n_samples": 9,
    "duration": {
      "min": 14.56,
      "max": 16.64,
      "mean": 16.071111111111108,
      "median": 16.16,
      "std": 0.5758943661711358,
      "p_low": 15.104000000000001,
      "p_high": 16.576
    },
    "rms": {
      "mean": 0.022143315299180854,
      "median": 0.021931879407443972,
      "std": 0.0014327282952413354,
      "p_low": 0.019861941909224304,
      "p_high": 0.023837821383480742
    },
    "pre_silence": {
      "mean": 2.7714789619551527e-05,
      "p95": 9.523809523809523e-05
    },
    "post_silence": {
      "mean": 3.527336860670194e-05,
      "p95": 9.977324263038545e-05
    },
    "late_start": {
      "mean": 0.8956961490303809,
      "median": 0.9146380284330519,
      "min": 0.7417080082932539,
      "p5": 0.7775750266790302
    },
    "interference": {
      "mean": 0.11397205017518847,
      "p95": 0.12653068771148734
    }
  },
  "EOL-60%-1号机-右_stage2_ch3": {
    "n_samples": 9,
    "duration": {
      "min": 17.76,
      "max": 18.72,
      "mean": 18.275555555555556,
      "median": 18.4,
      "std": 0.28994678098311183,
      "p_low": 17.824,
      "p_high": 18.656
    },
    "rms": {
      "mean": 0.058226835738966774,
      "median": 0.05817790650844502,
      "std": 0.001958639700886687,
      "p_low": 0.05571771575376218,
      "p_high": 0.061107475558808806
    },
    "pre_silence": {
      "mean": 2.015621063240111e-05,
      "p95": 7.256235827664398e-05
    },
    "post_silence": {
      "mean": 3.2753842277651796e-05,
      "p95": 0.00014965986394557818
    },
    "late_start": {
      "mean": 0.7016475338450119,
      "median": 0.6802186599646775,
      "min": 0.6340547994969024,
      "p5": 0.6347975565710828
    },
    "interference": {
      "mean": 0.10307246062940242,
      "p95": 0.11555111487389876
    }
  },
  "EOL-60%-1号机-左_stage2_ch4": {
    "n_samples": 9,
    "duration": {
      "min": 17.76,
      "max": 18.72,
      "mean": 18.275555555555556,
      "median": 18.4,
      "std": 0.28994678098311183,
      "p_low": 17.824,
      "p_high": 18.656
    },
    "rms": {
      "mean": 0.05955954786879222,
      "median": 0.06024439449882476,
      "std": 0.0027880108286325103,
      "p_low": 0.05540623845833686,
      "p_high": 0.06317363050790224
    },
    "pre_silence": {
      "mean": 6.046863189720332e-05,
      "p95": 0.0001768707482993197
    },
    "post_silence": {
      "mean": 5.291005291005291e-05,
      "p95": 0.0001587301587301587
    },
    "late_start": {
      "mean": 0.8340399626196655,
      "median": 0.86108432887557,
      "min": 0.7315964484572165,
      "p5": 0.7546426821800128
    },
    "interference": {
      "mean": 0.11602557799717446,
      "p95": 0.13546217071088837
    }
  },
  "EOL-60%-1号机-右_stage3_ch3": {
    "n_samples": 9,
    "duration": {
      "min": 16.16,
      "max": 18.72,
      "mean": 16.573333333333334,
      "median": 16.32,
      "std": 0.7673330437300347,
      "p_low": 16.16,
      "p_high": 17.823999999999998
    },
    "rms": {
      "mean": 0.027606859382384025,
      "median": 0.031010247517904672,
      "std": 0.0061051255002847835,
      "p_low": 0.01822105532702389,
      "p_high": 0.03393266544772411
    },
    "pre_silence": {
      "mean": 2.2675736961451248e-05,
      "p95": 8.163265306122448e-05
    },
    "post_silence": {
      "mean": 5.5429579239103054e-05,
      "p95": 0.00019047619047619045
    },
    "late_start": {
      "mean": 2.3995103188291314,
      "median": 2.1932344833246393,
      "min": 1.5955272201428663,
      "p5": 1.7595177892276794
    },
    "interference": {
      "mean": 0.10677950009265261,
      "p95": 0.12544068492971816
    }
  },
  "EOL-60%-1号机-左_stage3_ch4": {
    "n_samples": 9,
    "duration": {
      "min": 16.16,
      "max": 18.72,
      "mean": 16.573333333333334,
      "median": 16.32,
      "std": 0.7673330437300347,
      "p_low": 16.16,
      "p_high": 17.823999999999998
    },
    "rms": {
      "mean": 0.027472068045999602,
      "median": 0.027235225123875065,
      "std": 0.002779539290579691,
      "p_low": 0.024424568700111657,
      "p_high": 0.03188928417092625
    },
    "pre_silence": {
      "mean": 4.283194759385236e-05,
      "p95": 0.0001315192743764172
    },
    "post_silence": {
      "mean": 4.031242126480221e-05,
      "p95": 0.00014058956916099773
    },
    "late_start": {
      "mean": 2.121574572170251,
      "median": 2.075431944365695,
      "min": 1.8367376982219639,
      "p5": 1.8376965494345046
    },
    "interference": {
      "mean": 0.10805847888994496,
      "p95": 0.13220460440746318
    }
  },
  "EOL-60%-1号机-右_stage4_ch3": {
    "n_samples": 9,
    "duration": {
      "min": 6.76,
      "max": 7.0,
      "mean": 6.8933333333333335,
      "median": 6.88,
      "std": 0.06253887679764579,
      "p_low": 6.808,
      "p_high": 6.984
    },
    "rms": {
      "mean": 0.017636343051757604,
      "median": 0.01731907698347229,
      "std": 0.002270934596880151,
      "p_low": 0.014684828348470583,
      "p_high": 0.020907631253304693
    },
    "pre_silence": {
      "mean": 2.5195263290501386e-05,
      "p95": 7.256235827664398e-05
    },
    "post_silence": {
      "mean": 6.802721088435375e-05,
      "p95": 0.0002222222222222222
    },
    "late_start": {
      "mean": 1.7062547009751508,
      "median": 1.540671898278835,
      "min": 1.2375906639328802,
      "p5": 1.2488516096047753
    },
    "interference": {
      "mean": 0.1140732899676214,
      "p95": 0.1351695906818234
    }
  },
  "EOL-60%-1号机-左_stage4_ch4": {
    "n_samples": 9,
    "duration": {
      "min": 6.76,
      "max": 7.0,
      "mean": 6.8933333333333335,
      "median": 6.88,
      "std": 0.06253887679764579,
      "p_low": 6.808,
      "p_high": 6.984
    },
    "rms": {
      "mean": 0.023916577195770738,
      "median": 0.023409171150510364,
      "std": 0.0022969089147268523,
      "p_low": 0.02089033343277314,
      "p_high": 0.027004670784984128
    },
    "pre_silence": {
      "mean": 1.2597631645250693e-05,
      "p95": 6.349206349206348e-05
    },
    "post_silence": {
      "mean": 4.031242126480222e-05,
      "p95": 0.0001224489795918367
    },
    "late_start": {
      "mean": 1.91649747924675,
      "median": 1.8461738693734777,
      "min": 1.386649643028894,
      "p5": 1.5312661165609425
    },
    "interference": {
      "mean": 0.1290439103079792,
      "p95": 0.14067308928271266
    }
  },
  "EOL-40%-2号机-右_stage1_ch1": {
    "n_samples": 10,
    "duration": {
      "min": 14.82,
      "max": 17.54,
      "mean": 15.982,
      "median": 15.809999999999999,
      "std": 0.7117555760231176,
      "p_low": 15.117,
      "p_high": 17.134999999999998
    },
    "rms": {
      "mean": 0.03134987737383152,
      "median": 0.027336776632081505,
      "std": 0.008523980923437036,
      "p_low": 0.02586934470810803,
      "p_high": 0.04822009083559877
    },
    "pre_silence": {
      "mean": 3.1746031746031745e-05,
      "p95": 9.523809523809515e-05
    },