{
  "meta": {
    "version": "2.0",
    "note": "存原始统计量；生效阈值 = 统计量 × common.CALIB 系数，检测时计算",
    "n_baselines": 16,
    "n_total_samples": 152,
    "min_baseline_samples": 5,
    "warnings": []
  },
  "hard_rules": {
    "empty": {
      "frame_mean": 0.01,
      "frame_cv": 0.6,
      "frame_max": 0.05,
      "rms": 0.01
    },
    "clipped": {
      "peak": 0.99,
      "clipping_ratio": 0.001,
      "rms": 0.15,
      "frame_mean": 0.15
    }
  },
  "calib": {
    "too_weak": 0.5,
    "too_loud": 1.5,
    "late_start": 0.35,
    "pre_silence": 2.0,
    "post_silence": 2.0,
    "silence_floor_sec": 0.5,
    "too_short": 0.5,
    "too_long": 1.5,
    "interference": 0.375
  },
  "baselines": {
    "EOL-60%-1号机-右_stage1_ch3": {
      "n_samples": 9,
      "duration_min": 14.56,
      "duration_max": 16.64,
      "rms_p_low": 0.014426748133901405,
      "rms_p_high": 0.01733710984311961,
      "rms_mean": 0.015989124748919496,
      "rms_std": 0.0011612084072540967,
      "pre_silence_p95": 0.0001904761904761904,
      "post_silence_p95": 0.00012698412698412698,
      "late_start_median": 1.3330955633577175,
      "interference_p95": 0.11985243503030799
    },
    "EOL-60%-1号机-左_stage1_ch4": {
      "n_samples": 9,
      "duration_min": 14.56,
      "duration_max": 16.64,
      "rms_p_low": 0.019861941909224304,
      "rms_p_high": 0.023837821383480742,
      "rms_mean": 0.022143315299180854,
      "rms_std": 0.0014327282952413354,
      "pre_silence_p95": 9.523809523809523e-05,
      "post_silence_p95": 9.977324263038545e-05,
      "late_start_median": 0.9146380284330519,
      "interference_p95": 0.12653068771148734
    },
    "EOL-60%-1号机-右_stage2_ch3": {
      "n_samples": 9,
      "duration_min": 17.76,
      "duration_max": 18.72,
      "rms_p_low": 0.05571771575376218,
      "rms_p_high": 0.061107475558808806,
      "rms_mean": 0.058226835738966774,
      "rms_std": 0.001958639700886687,
      "pre_silence_p95": 7.256235827664398e-05,
      "post_silence_p95": 0.00014965986394557818,
      "late_start_median": 0.6802186599646775,
      "interference_p95": 0.11555111487389876
    },
    "EOL-60%-1号机-左_stage2_ch4": {
      "n_samples": 9,
      "duration_min": 17.76,
      "duration_max": 18.72,
      "rms_p_low": 0.05540623845833686,
      "rms_p_high": 0.06317363050790224,
      "rms_mean": 0.05955954786879222,
      "rms_std": 0.0027880108286325103,
      "pre_silence_p95": 0.0001768707482993197,
      "post_silence_p95": 0.0001587301587301587,
      "late_start_median": 0.86108432887557,
      "interference_p95": 0.13546217071088837
    },
    "EOL-60%-1号机-右_stage3_ch3": {
      "n_samples": 9,
      "duration_min": 16.16,
      "duration_max": 18.72,
      "rms_p_low": 0.01822105532702389,
      "rms_p_high": 0.03393266544772411,
      "rms_mean": 0.027606859382384025,
      "rms_std": 0.0061051255002847835,
      "pre_silence_p95": 8.163265306122448e-05,
      "post_silence_p95": 0.00019047619047619045,
      "late_start_median": 2.1932344833246393,
      "interference_p95": 0.12544068492971816
    },
    "EOL-60%-1号机-左_stage3_ch4": {
      "n_samples": 9,
      "duration_min": 16.16,
      "duration_max": 18.72,
      "rms_p_low": 0.024424568700111657,
      "rms_p_high": 0.03188928417092625,
      "rms_mean": 0.027472068045999602,
      "rms_std": 0.002779539290579691,
      "pre_silence_p95": 0.0001315192743764172,
      "post_silence_p95": 0.00014058956916099773,
      "late_start_median": 2.075431944365695,
      "interference_p95": 0.13220460440746318
    },
    "EOL-60%-1号机-右_stage4_ch3": {
      "n_samples": 9,
      "duration_min": 6.76,
      "duration_max": 7.0,
      "rms_p_low": 0.014684828348470583,
      "rms_p_high": 0.020907631253304693,
      "rms_mean": 0.017636343051757604,
      "rms_std": 0.002270934596880151,
      "pre_silence_p95": 7.256235827664398e-05,
      "post_silence_p95": 0.0002222222222222222,
      "late_start_median": 1.540671898278835,
      "interference_p95": 0.1351695906818234
    },
    "EOL-60%-1号机-左_stage4_ch4": {
      "n_samples": 9,
      "duration_min": 6.76,
      "duration_max": 7.0,
      "rms_p_low": 0.02089033343277314,
      "rms_p_high": 0.027004670784984128,
      "rms_mean": 0.023916577195770738,
      "rms_std": 0.0022969089147268523,
      "pre_silence_p95": 6.349206349206348e-05,
      "post_silence_p95": 0.0001224489795918367,
      "late_start_median": 1.8461738693734777,
      "interference_p95": 0.14067308928271266
    },
    "EOL-40%-2号机-右_stage1_ch1": {
      "n_samples": 10,
      "duration_min": 14.82,
      "duration_max": 17.54,
      "rms_p_low": 0.02586934470810803,
      "rms_p_high": 0.04822009083559877,
      "rms_mean": 0.03134987737383152,
      "rms_std": 0.008523980923437036,
      "pre_silence_p95": 9.523809523809515e-05,
      "post_silence_p95": 7.029478458049882e-05,
      "late_start_median": 1.152973266598595,
      "interference_p95": 0.1004006493107804
    },
    "EOL-40%-2号机-左_stage1_ch2": {
      "n_samples": 10,
      "duration_min": 14.82,
      "duration_max": 17.54,
      "rms_p_low": 0.026276680458188133,
      "rms_p_high": 0.0454050592757315,
      "rms_mean": 0.03224714776811406,
      "rms_std": 0.006892595023483639,
      "pre_silence_p95": 0.00029705215419501127,
      "post_silence_p95": 8.049886621315191e-05,
      "late_start_median": 1.1716798469188348,
      "interference_p95": 0.11014906202380462
    },
    "EOL-40%-2号机-右_stage2_ch1": {
      "n_samples": 10,
      "duration_min": 16.76,
      "duration_max": 17.98,
      "rms_p_low": 0.06277781750527966,
      "rms_p_high": 0.07383891697411113,
      "rms_mean": 0.0682251136742825,
      "rms_std": 0.003950159039357976,
      "pre_silence_p95": 0.00012811791383219947,
      "post_silence_p95": 1.2471655328798163e-05,
      "late_start_median": 1.017600200348932,
      "interference_p95": 0.1159313214105518
    },
    "EOL-40%-2号机-左_stage2_ch2": {
      "n_samples": 10,
      "duration_min": 16.76,
      "duration_max": 17.98,
      "rms_p_low": 0.07134913118637694,
      "rms_p_high": 0.08200620708956559,
      "rms_mean": 0.07565841632489448,
      "rms_std": 0.0036159404455628204,
      "pre_silence_p95": 0.00015759637188208597,
      "post_silence_p95": 1.2471655328798163e-05,
      "late_start_median": 0.8508123230916812,
      "interference_p95": 0.15613477875164933
    },
    "EOL-40%-2号机-右_stage3_ch1": {
      "n_samples": 10,
      "duration_min": 15.52,
      "duration_max": 16.38,
      "rms_p_low": 0.04256094222854008,
      "rms_p_high": 0.05075124744023613,
      "rms_mean": 0.04515569187521538,
      "rms_std": 0.003042184689334256,
      "pre_silence_p95": 0.0,
      "post_silence_p95": 0.00041950113378684734,
      "late_start_median": 1.88136922683786,
      "interference_p95": 0.12198644123338015
    },
    "EOL-40%-2号机-左_stage3_ch2": {
      "n_samples": 10,
      "duration_min": 15.52,
      "duration_max": 16.38,
      "rms_p_low": 0.05058579693089961,
      "rms_p_high": 0.05535022077960492,
      "rms_mean": 0.052924086445713926,
      "rms_std": 0.0016343233443721612,
      "pre_silence_p95": 4.5351473922902495e-05,
      "post_silence_p95": 0.00015079365079365072,
      "late_start_median": 2.8994286986549596,
      "interference_p95": 0.1532054141457442
    },
    "EOL-40%-2号机-右_stage4_ch1": {
      "n_samples": 10,
      "duration_min": 6.46,
      "duration_max": 6.84,
      "rms_p_low": 0.02859268562784956,
      "rms_p_high": 0.03336515804054515,
      "rms_mean": 0.030534411844304693,
      "rms_std": 0.0017397708589730672,
      "pre_silence_p95": 0.00018367346938775507,
      "post_silence_p95": 9.070294784580499e-05,
      "late_start_median": 2.3517730288208054,
      "interference_p95": 0.1338402416445199
    },
    "EOL-40%-2号机-左_stage4_ch2": {
      "n_samples": 10,
      "duration_min": 6.46,
      "duration_max": 6.84,
      "rms_p_low": 0.0215232395464308,
      "rms_p_high": 0.0283598073796595,
      "rms_mean": 0.02553912034986356,