{
  "通道2_stage1_ch4": {
    "n_samples": 10,
    "duration": {
      "min": 4.32,
      "max": 4.88,
      "mean": 4.608,
      "median": 4.619999999999999,
      "std": 0.1857309882599022,
      "p_low": 4.338,
      "p_high": 4.843999999999999
    },
    "rms": {
      "mean": 0.0497510389712437,
      "median": 0.05350590063956815,
      "std": 0.01200567726894063,
      "p_low": 0.033890828273731494,
      "p_high": 0.06431243082058759
    },
    "pre_silence": {
      "mean": 1.1337868480725622e-05,
      "p95": 4.5351473922902495e-05
    },
    "post_silence": {
      "mean": 1.8140589569160997e-05,
      "p95": 7.25623582766439e-05
    },
    "late_start": {
      "mean": 1.7328609017890748,
      "median": 1.8243923364018775,
      "min": 0.8568730832412497,
      "p5": 0.872374697833703
    },
    "interference": {
      "mean": 0.18083429023397873,
      "p95": 0.2986685830747097
    }
  },
  "通道2_stage2_ch4": {
    "n_samples": 10,
    "duration": {
      "min": 4.2,
      "max": 4.52,
      "mean": 4.336,
      "median": 4.34,
      "std": 0.10150862032359609,
      "p_low": 4.2,
      "p_high": 4.484
    },
    "rms": {
      "mean": 0.04442344419919665,
      "median": 0.04519413901315199,
      "std": 0.006516443232161115,
      "p_low": 0.03429881728663042,
      "p_high": 0.05274180953059639
    },
    "pre_silence": {
      "mean": 1.3605442176870747e-05,
      "p95": 4.5351473922902495e-05
    },
    "post_silence": {
      "mean": 1.8140589569160997e-05,
      "p95": 5.7823129251700656e-05
    },
    "late_start": {
      "mean": 0.9371991646807121,
      "median": 0.9031602718940419,
      "min": 0.39506223657761663,
      "p5": 0.5255995249889245
    },
    "interference": {
      "mean": 0.1630632876985063,
      "p95": 0.2651476059975232
    }
  },
  "通道1_stage1_ch3": {
    "n_samples": 10,
    "duration": {
      "min": 4.4,
      "max": 4.92,
      "mean": 4.72,
      "median": 4.76,
      "std": 0.18154889148656334,
      "p_low": 4.4,
      "p_high": 4.92
    },
    "rms": {
      "mean": 0.032560004195179744,
      "median": 0.031001169431231785,
      "std": 0.004288519496397949,
      "p_low": 0.027461368653374153,
      "p_high": 0.03926020370441852
    },
    "pre_silence": {
      "mean": 4.535147392290249e-06,
      "p95": 2.4943310657596325e-05
    },
    "post_silence": {
      "mean": 6.802721088435374e-06,
      "p95": 3.514739229024941e-05
    },
    "late_start": {
      "mean": 1.5165483795210104,
      "median": 1.4734639020667186,
      "min": 1.0289104877387796,
      "p5": 1.0512998302082452
    },
    "interference": {
      "mean": 0.17526258357796345,
      "p95": 0.20577064930444197
    }
  },
  "通道1_stage2_ch3": {
    "n_samples": 10,
    "duration": {
      "min": 4.44,
      "max": 4.88,
      "mean": 4.768000000000001,
      "median": 4.84,
      "std": 0.12998461447417525,
      "p_low": 4.548,
      "p_high": 4.88
    },
    "rms": {
      "mean": 0.03382290873935687,
      "median": 0.030620748503965692,
      "std": 0.005993837821531491,
      "p_low": 0.028259235312678644,
      "p_high": 0.04446011176287969
    },
    "pre_silence": {
      "mean": 0.0,
      "p95": 0.0
    },
    "post_silence": {
      "mean": 4.535147392290249e-06,
      "p95": 2.4943310657596325e-05
    },
    "late_start": {
      "mean": 0.9270243873353119,
      "median": 0.6813195080811194,
      "min": 0.4769224003913618,
      "p5": 0.4957690359065279
    },
    "interference": {
      "mean": 0.18144976798619616,
      "p95": 0.2146834995820644
    }
  }
}