{
  "管柱_stage1_ch3": {
    "n_samples": 20,
    "duration": {
      "min": 6.21,
      "max": 6.93,
      "mean": 6.544999999999999,
      "median": 6.5600000000000005,
      "std": 0.15328078809818269,
      "p_low": 6.314500000000001,
      "p_high": 6.74
    },
    "rms": {
      "mean": 0.13659604733349412,
      "median": 0.13561492390836222,
      "std": 0.021669852008047306,
      "p_low": 0.10770617423756124,
      "p_high": 0.17072234706507522
    },
    "pre_silence": {
      "mean": 0.0,
      "p95": 0.0
    },
    "post_silence": {
      "mean": 1.1337868480725623e-06,
      "p95": 1.1337868480725784e-06
    },
    "late_start": {
      "mean": 1.1227973182605715,
      "median": 1.0619772198279749,
      "min": 0.773940726175709,
      "p5": 0.8553256423316438
    },
    "interference": {
      "mean": 0.27496912479663926,
      "p95": 0.3369904139418291
    }
  },
  "管柱_stage2_ch3": {
    "n_samples": 20,
    "duration": {
      "min": 6.37,
      "max": 7.06,
      "mean": 6.684,
      "median": 6.63,
      "std": 0.19293522228976231,
      "p_low": 6.446000000000001,
      "p_high": 6.984000000000001
    },
    "rms": {
      "mean": 0.11633605436560712,
      "median": 0.11530331305711247,
      "std": 0.01515157830826702,
      "p_low": 0.09750711580106403,
      "p_high": 0.13572921938463914
    },
    "pre_silence": {
      "mean": 0.0,
      "p95": 0.0
    },
    "post_silence": {
      "mean": 2.2675736961451247e-06,
      "p95": 2.2675736961451248e-05
    },
    "late_start": {
      "mean": 0.809750248013767,
      "median": 0.813650783307775,
      "min": 0.6533521836560873,
      "p5": 0.7261947794725727
    },
    "interference": {
      "mean": 0.2970242495192502,
      "p95": 0.35229020482822415
    }
  },
  "电机_stage1_ch4": {
    "n_samples": 20,
    "duration": {
      "min": 6.21,
      "max": 6.93,
      "mean": 6.544999999999999,
      "median": 6.5600000000000005,
      "std": 0.15328078809818269,
      "p_low": 6.314500000000001,
      "p_high": 6.74
    },
    "rms": {
      "mean": 0.22972082040006442,
      "median": 0.22616931768511142,
      "std": 0.040560338207189475,
      "p_low": 0.16935976955063348,
      "p_high": 0.29829697522534865
    },
    "pre_silence": {
      "mean": 0.0,
      "p95": 0.0
    },
    "post_silence": {
      "mean": 4.535147392290249e-06,
      "p95": 2.3809523809523827e-05
    },
    "late_start": {
      "mean": 1.088769978700372,
      "median": 1.0855803565140563,
      "min": 0.9815368159770157,
      "p5": 0.9873533659090896
    },
    "interference": {
      "mean": 0.7909253531872401,
      "p95": 0.8452962415417126
    }
  },
  "电机_stage2_ch4": {
    "n_samples": 20,
    "duration": {
      "min": 6.37,
      "max": 7.06,
      "mean": 6.684,
      "median": 6.63,
      "std": 0.19293522228976231,
      "p_low": 6.446000000000001,
      "p_high": 6.984000000000001
    },
    "rms": {
      "mean": 0.33700371738532336,
      "median": 0.3389136671994257,
      "std": 0.059737172367729165,
      "p_low": 0.26353295307833324,
      "p_high": 0.4416587666596759
    },
    "pre_silence": {
      "mean": 0.0,
      "p95": 0.0
    },
    "post_silence": {
      "mean": 2.2675736961451247e-06,
      "p95": 2.2675736961451248e-05
    },
    "late_start": {
      "mean": 0.9881976401809404,
      "median": 0.9706216135348318,
      "min": 0.8625562210782783,
      "p5": 0.8767671132158924
    },
    "interference": {
      "mean": 0.8068787731049593,
      "p95": 0.8508727920300401
    }
  }
}