{
  "管柱_stage1_ch3": {
    "n_samples": 20,
    "duration": {
      "min": 6.01,
      "max": 6.89,
      "mean": 6.4595,
      "median": 6.49,
      "std": 0.2440384191065005,
      "p_low": 6.124,
      "p_high": 6.89
    },
    "rms": {
      "mean": 0.09570120823032695,
      "median": 0.0953938770605859,
      "std": 0.007141160040513455,
      "p_low": 0.08771018395417547,
      "p_high": 0.11043955138047885
    },
    "pre_silence": {
      "mean": 0.0,
      "p95": 0.0
    },
    "post_silence": {
      "mean": 0.0,
      "p95": 0.0
    },
    "late_start": {
      "mean": 0.9494976887308555,
      "median": 0.9438966362959906,
      "min": 0.7332906669694542,
      "p5": 0.8403210106003407
    },
    "interference": {
      "mean": 0.2893647666814543,
      "p95": 0.3314320110566015
    }
  },
  "管柱_stage2_ch3": {
    "n_samples": 20,
    "duration": {
      "min": 6.24,
      "max": 6.97,
      "mean": 6.5455,
      "median": 6.495,
      "std": 0.19832990193110053,
      "p_low": 6.2875,
      "p_high": 6.9225
    },
    "rms": {
      "mean": 0.10380392531403104,
      "median": 0.1032880475037021,
      "std": 0.009003286603126211,
      "p_low": 0.09353102766796936,
      "p_high": 0.12067691407294671
    },
    "pre_silence": {
      "mean": 0.0,
      "p95": 0.0
    },
    "post_silence": {
      "mean": 0.0,
      "p95": 0.0
    },
    "late_start": {
      "mean": 0.8865338565589548,
      "median": 0.8763421112375046,
      "min": 0.7279564827842391,
      "p5": 0.745854055070764
    },
    "interference": {
      "mean": 0.2925649948256563,
      "p95": 0.3155919970094077
    }
  },
  "电机_stage1_ch4": {
    "n_samples": 20,
    "duration": {
      "min": 6.01,
      "max": 6.89,
      "mean": 6.4595,
      "median": 6.49,
      "std": 0.2440384191065005,
      "p_low": 6.124,
      "p_high": 6.89
    },
    "rms": {
      "mean": 0.1958088804279999,
      "median": 0.20011374957336697,
      "std": 0.04172481166816021,
      "p_low": 0.13417827652334705,
      "p_high": 0.25788962354785
    },
    "pre_silence": {
      "mean": 1.1337868480725623e-06,
      "p95": 1.1337868480725784e-06
    },
    "post_silence": {
      "mean": 6.802721088435374e-06,
      "p95": 4.5351473922902495e-05
    },
    "late_start": {
      "mean": 1.155320452076994,
      "median": 1.1544927890043222,
      "min": 1.0204750825770803,
      "p5": 1.0209834879543946
    },
    "interference": {
      "mean": 0.6964595811657419,
      "p95": 0.7783939963249102
    }
  },
  "电机_stage2_ch4": {
    "n_samples": 20,
    "duration": {
      "min": 6.24,
      "max": 6.97,
      "mean": 6.545,
      "median": 6.495,
      "std": 0.1980530232033835,
      "p_low": 6.2875,
      "p_high": 6.9225
    },
    "rms": {
      "mean": 0.2516419221098392,
      "median": 0.24850782008714253,
      "std": 0.06028204452719668,
      "p_low": 0.15895383921397488,
      "p_high": 0.3433590328055422
    },
    "pre_silence": {
      "mean": 2.2675736961451247e-06,
      "p95": 2.267573696145157e-06
    },
    "post_silence": {
      "mean": 0.0,
      "p95": 0.0
    },
    "late_start": {
      "mean": 0.908856907307834,
      "median": 0.9028080687325681,
      "min": 0.7300213165381325,
      "p5": 0.7304248990978673
    },
    "interference": {
      "mean": 0.7698202002533964,
      "p95": 0.8251633941726539
    }
  }
}